lat;long;adresse;commune;codepostal
49.16711;-0.28803;Autoroute de Normandie;GIBERVILLE;14730
49.16646;-0.27567;AUTOROUTE A13 AIRE DE GIBERVILLE SUD;Giberville;14730
48.7302505329;7.6894579908;A4E AIRE DE BRUMATH OUEST;BRUMATH;67170
48.7268961716;7.69124867573;A4E AIRE DE BRUMATH EST;BRUMATH;67170
47.47364;0.77727;LES REL.DE TOURAINE AUT A 10;Monnaie;37380
45.6124616512;5.21399694458;A 43 AIRE DE L ISLE D ABEAU;L'Isle-d'Abeau;38080
47.16719;0.6305;AUTOROUTE A 10;Saint-Épain;37800
47.32082;0.91874;Aire de Athée sur CherAutoroute A 85;ATHEE SUR CHER;37270
45.61219;5.22135;A43 Aire de l'isle d'Abeau Nord;L'Isle-d'Abeau;38080
45.6268439334;5.19773708351;AUTOROUTE A 43;L'ISLE D'ABEAU;38080
47.1664570639;0.631743694942;A10 - AIRE DE LA FONTAINE COLETTE;SAINT-ÉPAIN;37800
45.39307;4.80729;Autoroute du Soleil;ROUSSILLON;38150
47.47626;0.77889;AUTOROUTE A10 AIRE DE LA BRUNELLERIE;Monnaie;37380
48.0291;1.87312;A10 AIRE D'ORLEANS GIDY;CHEVILLY;45520
45.03216;1.52469;AUTOROUTE A 20;Cressensac;46600
44.659292011;1.56907044471;Autoroute A20;LABASTIDE-MURAT;46240
47.9796179669;1.8556926147;AUTOROUTE A 10;GIDY;45520
44.9790295481;-0.430828070241;A 10 - AIRE DE L ESTALOT;SAINT-ANDRé-DE-CUBZAC;33240
44.97511;-0.4331;AUTOROUTE A10 CUBZAC LES PONTS;Cubzac-les-Ponts;33240
44.7857211662;-0.593130275951;A 630 AIRE DE THOUARS;GRADIGNAN;33170
44.7857519868;-0.595847661255;AUT A 630   ROCADE PERIPHERIQUE SUD;GRADIGNAN;33170
45.91474;1.29382;AUTOROUTE A 20;Limoges;87280
45.9049494302;1.29205279334;A20 AIRE DE BEAUNE LES MINES;LIMOGES;87280
48.26386;5.86404;AUTOROUTE A31 AIRE DE SANDAUCOURT;Sandaucourt;88170
48.26442;5.86329;AUT A 31   AIRE DE LORRAINE;Sandaucourt;88170
45.87456;1.28872;AIRE DE BEAUNE LES MINES;Limoges;87280
48.2681005366;5.86076119123;Aire de Lorraine Sandaucourt Trel;SANDAUCOURT;88170
43.46889;5.62984;A8 AIRE DE L'ARC;Rousset;13790
43.18852;5.65886;Chemin des Plaines Baronnes;La Ciotat;13600
43.6330255172;5.4937505538;AUT A 51   AIRE DE MEYRARGUES/FONTBELLE;MEYRARGUES;13650
43.585629439;5.2019342191;AUTOROUTE A 7;LANçON-PROVENCE;13680
43.46271;5.57387;Chemin de Rousset;Rousset;13790
43.19346;5.67135;AUTOROUTE A 50;La Ciotat;13600
43.3880588414;5.24456265043;AUTOROUTE A 55;Gignac-la-Nerthe;13180
43.2059833697;5.59220531263;Aire du liouquet A 50;La Ciotat;13600
43.5989035599;5.15904855677;A 7 - AIRE DE LANCON DE PROVENCE;LANçON-PROVENCE;13680
43.48085;5.61924;chemin Defend;Rousset;13790
43.60526;5.54878;aire de meyrargues;Meyrargues;13650
48.8633506162;6.09379437759;A31 AIRE DE LOISY;LOISY;54700
49.12625;6.27557;Autoroute de l'Est;Haudiomont;55160
49.12625;6.27557;Autoroute de l'Est;Haudiomont;55160
48.86736;6.09442;Chemin de l'Abreuvoir;Loisy;54700
48.60743;6.17385;AUTOROUTE A 330;Richardménil;54630
49.1191866149;5.51845376601;AIRE DE VERDUN NORD ST NICOLAS;HAUDIOMONT;55160
48.8558563022;6.08777352389;AUTOROUTE A 31;LOISY;54700
46.17527;5.32754;AIRE DE BOURG TEYSONGUE A 40;Ceyzériat;1250
45.85103;5.05543;AUTOROUTE A 42  AIRE DE DAGNEUX;Montluel;1120
45.89681;4.92948;AIRE DE MIONNAY OUEST GALMIER A46;MIONNAY;1390
45.8471518044;5.07404780227;AUTOROUTE A 42;DAGNEUX;1120
46.1203008415;5.49462912843;AIRE DE CEIGNES HAUT BUGEY;CEIGNES;1430
46.1237;5.49956;AUTOROUTE A 40 - SENS PARIS PROV;CEIGNES;1430
45.8963223558;4.93223090729;Aire de Mionnay Est Chatanay;Mionnay;1390
46.2035582377;5.29588284883;A 40 - AIRE DE BOURG JASSERON;Jasseron;1250
45.8444226204;5.07062214413;AUTOROUTE A42  AIRE DE LYON-DAGNEUX;DAGNEUX;1120
47.3301615047;6.12677129043;AUTOROUTE A 36;MARCHAUX;25640
45.27532;4.82932;AUTOROUTE A7 AIRE DE SAINT RAMBERT DALBON;Saint-Rambert-d'Albon;26140
44.7200273365;4.78704307917;AGIP A7 AIRE DE SAULCE ESTSARL TASSIN;SAULCE SUR RHONE;26270
44.70223;4.80059;A7 Aire de Saulce;SAULCE-SUR-RHôNE;26270
47.32512;6.11672;AIRE DE MARCHAUX AUTOROUTE A 36;MARCHAUX;25640
45.29926;4.81447;Aire de Saint Rambert d'Albon;Saint-Rambert-d'Albon;26140
45.6130820448;-0.603345503445;AUT A 10   AIRE DE SAINT LEGER;PONS;17800
45.6088;-0.59708;A10 AIRE CHARENTES EST;Saint-Léger;17800
45.88594;-0.59258;A10  AIRE DE FENIOUX EST;Fenioux;17350
45.89207;-0.60633;A10 AIRE DE FENIOUX OUEST;FENIOUX;17350
43.96975;-1.09315;aire de l'océan ouest;Lesperon;40260
47.14919;5.66375;AUTOROUTE A36 AIRE DE DOLE ROMANGE;Orchamps;39700
47.13451;5.58862;AUTOROUTE A36 AIRE DE DOLE AUDELANGE;Audelange;39700
48.63477;2.14756;AUTOROUTE A 10;Briis-sous-Forges;91640
48.641685877;2.15693792661;AUT A 10;JANVRY;91640
46.31408;1.4175;AUT A 20   AIRE DE BOISMANDE;Saint-Sulpice-les-Feuilles;87160
46.31834;1.37255;Avenue de l'Avenir;Saint-Sulpice-les-Feuilles;87160
46.31301;1.41924;AUTOROUTE A 20;Saint-Sulpice-les-Feuilles;87160
49.66174;1.34703;AUTOROUTE A 28;BOSC-MESNIL;76680
49.67838;1.33874;AUT A 28   AIRE DE MAUCONBLE;Bosc-Mesnil;76680
45.14809;0.7949;AUTOROUTE A 89;Saint-Laurent-sur-Manoire;24330
48.4287396601;2.93200212817;AIRE JONCHETS LES RECOMPENSES;FORGES;77130
48.27809;2.70765;AUTOROUTE A 6;Darvault;77140
48.94616;3.13144;AIRE DE CHANGIS A4;LA FERTé-SOUS-JOUARRE;77260
48.97018;3.06256;AUTOROUTE A 4 aire d'ussy sur marne;Ussy-sur-Marne;77260
48.3468893658;2.58833335512;AIRE DE ACHERES EST A6;URY;77760
48.27772;2.70895;Chemin Latéral de l'Autoroute;Darvault;77140
48.94241;3.13265;AIRE DE CHANGIS A4;La Ferté-sous-Jouarre;77260
48.4279133144;2.92749946387;AUTOROUTE A5;Forges;77130
48.2719581201;2.71504477669;AUTOROUTE6 AIRE DE NEMOURS OUEST;NEMOURS;77140
48.9712703819;3.06509393287;AIRE D'USSY SUR MARNE;USSY SUR MARNE;77260
48.83334;2.79273;Autoroute de l'Est;Ussy-sur-Marne;77260
49.59781;0.52582;Route de Bolleville;Bolleville;76210
49.4945687142;0.998032322778;AUTOROUTE A 15;Saint-Jean-du-Cardonnay;76150
49.61386;0.5463;AUTOROUTE A 29;Bolleville;76210
47.5494659161;-2.46533307518;LE POULHER RN 165;Muzillac;56190
47.1350362483;-0.82627793341;AIRE DE TREMENTINES A87;TREMENTINES;49340
47.41754;-0.13018;AUT A 85   AIRE DE LA COUAILLE;Longué-Jumelles;49160
44.89179;3.24762;AUTOROUTE A75 AIRE DE LA LOZERE - LA GARDE;Albaret-Sainte-Marie;48200
47.41754;-0.13018;AUT A 85   AIRE LES COSSONIERES;Longué-Jumelles;49160
47.71674;7.1604;Aire de la porte d'Alsace A36;Burnhaupt-le-Bas;68520
47.71714;7.13879;AUTOROUTE A 36;Burnhaupt-le-Bas;68520
47.8369131343;7.3954061823;AIRE DE BATTENHEIM;BATTENHEIM;68390
48.7780320924;2.4409920607;A 86 - AIRE DE CARREFOUR POMPADO;CRéTEIL;94000
48.85276;2.48589;RUE PT GAL DE GAULLE;Fontenay-sous-Bois;94120
48.2159947185;4.23011750846;AUTOROUTE A 5 - SENS PROVINCE PA;FRESNOY-LE-CHâTEAU;10270
48.4110575553;4.14348044661;AIRE DE SERVICE - AUTOROUTE A26 SUD;CHARMONT SOUS BARBUISE;10150
48.21103;4.24019;A 5 - Aire de Troyes-Fresnoy;Fresnoy-le-Château;10270
47.16642;-1.50656;A 83 - AIRE DE LA GRASSINIERE;Vertou;44120
45.3382037058;3.26643519556;AUT A 75   AIRE DE LAFAYETTE;LORLANGES;43360
47.3314;-1.62326;RN 137 - Aire de Treillières Ouest;Treillières;44119
48.9315;-1.0761;Lieu-dit La Vallée;Gouvets;50420
49.2438134562;3.91857508837;AUT A 4   AIRE DE GUEUX;GUEUX;51390
49.1474928863;6.18449448877;AUTOROUTE A31;LA MAXE;57140
49.180658695;6.17754931317;AUTOROUTE A31;Woippy;57140
43.3565284257;3.34014009541;AUT A 9   AIRE DE MONTBLANC;SERVIAN;34290
43.67975;4.10417;AUTOROUTE A9  AIRE AMBRUSSUM NORD (direction Nimes Montpellier);Lunel;34400
43.3771751237;3.41475135809;AUT A9   AIRE DE BEZIERS MONTBLANC NORD;MONTBLANC;34290
43.86449;3.31188;AUTOROUTE A 75;Le Caylar;34520
43.71248;4.13135;AUTOROUTE A 9;Villetelle;34400
43.67694;4.13258;AUTOROUTE A 9;LUNEL;34400
43.67697;4.13258;AUTOROUTE A9 AIRE D#039;;
46.68832;4.84479;A6 - AIRE DE ST-AMBREUIL;SAINT-AMBREUIL;71240
46.6892;4.84397;A6 AIRE DE LA FERTE;Saint-Ambreuil;71240
46.41766;4.86506;AUTOROUTE A 6;Saint-Albain;71260
46.6979;4.84328;Route de Saint-Ambreuil;Saint-Ambreuil;71240
46.4212292035;4.86381594018;Aire de Mâcon St Albain - A6;SAINT-ALBAIN;71260
43.88919;1.90967;zone de xansos route de Graulhet;BRENS;81600
43.858285755;1.88797994641;ZA GARRIGUE LONGUE;MONTANS;81600
49.44508407;3.92761870767;AUT A 26- AIRE DU MONT NIZY;Juvincourt-et-Damary;2190
49.44872;3.92652;A26 - Aire du Champ Roland;Guignicourt;2190
49.4475766624;3.92632110989;AUT A 26- AIRE DU MONT NIZY;JUVINCOURT-ET-DAMARY;2190
49.07771;3.37046;autoroute A4 aire de tardenois sud;FRESNES EN TARDENOIS;2130
49.07771;3.37046;Autoroute de l'Est;Fresnes-en-Tardenois;2130
49.07771;3.37046;Aire de Tardenois - A4;Fresnes-en-Tardenois;2130
50.5794520297;2.37017791745;AUTOROUTE A26;RELY;62120
50.5650289985;2.39271605116;Aire de Saint-Hilaire cottes Autoroute A26;SAINT-HILAIRE-COTTES;62120
50.39556;2.75479;Autoroute des Anglais;SOUCHEZ;62153
50.4039631968;2.74447263446;Autoroute A26 aire de Angres;ANGRES;62143
50.2696;2.82456;Rue de Wancourt;WANCOURT;62128
50.40274;2.74682;AUTOROUTE A 26;Souchez;62153
50.2496523595;2.85620766734;Autoroute du Nord;WANCOURT;62128
50.19761;2.87573;Aire de st Leger Autoroute A1;Croisilles;62128
49.93666;2.85194;Autoroute du Nord;Wancourt;62128
50.19946;2.87807;Aire de st Leger Autoroute A1;Croisilles;62128
50.0927326876;3.05053194762;Autoroute A2 Aire d'Havrincourt;HERMIES;62147
50.1256078887;3.08829204303;autoroute a2 aire de graincourt;HERMIES;62147
50.5661823035;2.39406555285;Aire de Saint-Hilaire Cottes A26;SAINT-HILAIRE COTTES;62120
48.7575828377;2.34834600555;A 106 - AIRE DE RUNGIS DELTA PON;RUNGIS;94150
48.78349;2.18878;A 86 - AIRE DE VELIZY OUEST;VéLIZY-VILLACOUBLAY;78140
46.70238;0.37181;autoroute a10;Jaunay-Clan;86130
46.9051346768;0.523218558668;A10 AIRE DE CHATELLERAULT USSEAU;ANTRAN;86100
46.9060061676;0.523588159563;AIRE DE CHATELLERAULT-ANTRAN;Antran;86100
46.86654;-1.01667;A87 AIRE DES HERBIERS;LES HERBIERS;85500
46.67888;0.3785;aire de jaunay clan A10;Jaunay-Clan;86130
46.90894;0.52411;AUTOROUTE A10;Antran;86100
51.00635;2.29531;Place du Courghain;Grande-Synthe;59760
50.2164917975;3.09309061348;AIRE DE BARALLE AUTOROUTE A 26;MARQUION;62860
50.27825;2.96596;Autoroute des Anglais;RUMAUCOURT;62860
45.85192;3.40571;AUTOROUTE A 72;Orléat;63190
45.85094;3.40482;AUTOROUTE A 72;Orléat;63190
45.8626;3.42176;Autoroute  A 89;Orléat;63190
45.6322344377;3.18539214413;AUTOROUTE A 75;AUTHEZAT;63114
50.21101;3.08681;AIRE DE BARALLE AUTOROUTE A 26;Marquion;62860
50.226638905;3.06589347828;Aire de Rumaucourt  Autoroute A26;Rumaucourt;62860
48.74389;2.23407;ROUTE NATIONALE 118;Bièvres;91570
48.64751;2.1938;VOIE EXP F6 LIEUDIT BEAUVERT;Marcoussis;91460
48.63896;2.20734;Rue du Fond des près;Marcoussis;91460
43.3362695376;1.24486306131;AUT A 64   AIRE DE VOLVESTRE;CAPENS;31410
43.7894974967;1.38323531871;Aire du Frontonnais;Castelnau-d'Estrétefonds;31620
43.494700643;1.55093626174;A61 AIRE DE TOULOUSE SUD/NORD;DEYME;31450
43.3531181526;1.80887607511;A61-AIRE DE LAURAGAIS NORD LES C;Avig0et-Lauragais;31290
43.3362037352;1.24570649987;AUT A 64   AIRE DE GARONNE;Capens;31410
43.3533206269;1.80632404804;A 61 - AIRE DE PORT LAURAGAIS SU;AVIG0ET-LAURAGAIS;31290
43.48412;1.54916;AIRE DE TOULOUSE SUD|A 61;Deyme;31450
43.81169;1.35975;A62;Castelnau-d'Estrétefonds;31620
49.12625;6.27557;Autoroute de l'Est;Saint-Privat-la-Montagne;57855
49.13309;6.6593;AUTOROUTE A4 - AIRE DE LONGEVILL;Longeville-lès-Saint-Avold;57740
49.1338110001;6.6570447231;AUTOROUTE A4 - AIRE DE LONGEVILLE;LONGEVILLE-LES-SAINT-AVOLD;57740
42.5826075829;2.84472133414;AIRE DU VILLAGE CATALAN OUEST;VILLEMOLAQUE;66300
42.56735;2.85899;A9 - AIRE DES VILLAGES CATALAN;Banyuls-dels-Aspres;66300
42.57601;2.8446;A9 AIRE DU ROUSSILLON;Banyuls-Dels-Aspres;66300
46.75719;2.40245;Route de Nozières;Farges-Allichamps;18200
47.0940821447;2.24252393477;AUTOROUTE A 71;MARMAGNE;18500
46.758048854;2.40233022236;AUTOROUTE A 71;FARGES-ALLICHAMPS;18200
47.0951472401;2.24181025599;AUT A 71 - AIRE DE BOURGES MARMAGNE;Marmagne;18500
43.4210594515;-0.59712616633;AIRE DE LACQ AUDEJOS SUDAUTOROUTE A 64;LACQ;64170
43.42244;-1.59844;AUTOROUTE A 63 LA MADALENA;Bidart;64210
43.2434;-0.04183;A64 Aire des Pyrénées;Ger;64530
43.4212215623;-0.598942803222;AIRE DE LACQ AUDEJOS SUD  SENS BAYONNE - PAU;LACQ;64170
43.2526;-0.05221;A64 Aire des Pyrénées;Ger;64530
43.42214;-1.5976;AUTOROUTE A 63 LA MADALENA;Bidart;64210
43.42857;-0.61091;AIRE DE LACQ AUDEJOS NORD;Lacq;64170
45.6607;3.15268;A75;Veyre-Monton;63960
45.66584;2.67313;autoroute A89;SAINT-JULIEN-PUY-LAVèZE;63820
46.058707223;3.11405330762;A 71 - AIRE DES VOLCANS D AUVERG;CHAMPS;63440
45.95672;2.9887;AUTOROUTE A89;Manzat;63410
43.41346;6.44904;AIRE DE VIDAUBAN NORD A8;VIDAUBAN;83550
43.4618579362;6.68332007146;AUTOROUTE A 8;PUGET-SUR-ARGENS;83480
43.41424;6.45226;AUTOROUTE A8 sens;Vidauban;83550
43.4149264423;6.4359585408;Aire de Vidauban - A 8;VIDAUBAN;83550
43.13552;6.04564;A 570 AIRE DE ST AUGUSTIN;La Crau;83260
49.80751;1.97083;Aire de Croixrault;CROIXRAULT;80290
49.88755;2.83499;A1- AIRE DE ASSEVILLERS EST;Assevillers;80200
49.8951743764;2.84428080011;A1 AIRE DE ASSEVILLERS EST;ASSEVILLERS;80200
49.96446;1.65822;AUTOROUTE A 28;Le Translay;80140
49.96271;1.65733;AUTOROUTE A 28;Le Translay;80140
50.1879883682;1.75592383557;A16 - AIRE DE LA BAIE DE SOMME;SAILLY-FLIBEAUCOURT;80970
49.8878714978;2.83920072237;AUTOROUTE A 1;Péronne;80200
43.73225;-0.23859;AUTOROUTE A65;AIRE  SUR L'ADOUR;40800
43.52547;-1.12251;a 64 aire d'hastingues;Hastingues;40300
47.6662822991;1.38756379794;AUT A 10   AIRE DE VILLERBON;VILLERBON;41000
47.6628916179;1.38748594207;AIRE DE BLOIS MENARS - AUTOROUTE A10;VILLERBON;41000
43.5279386749;-1.15065092516;A64;HASTINGUES;40300
44.360981022;-0.852116730403;AIRE DU MURET;SAUGNACQ-ET-MURET;40410
43.5971268231;-1.42518962674;AUTOUROUTE 63;LABENNE;40530
43.59583;-1.43147;autouroute 63;LABENNE;40530
43.58581;-1.41984;AUTOROUTE A63 COTE EST;Labenne;40530
47.36657;1.70893;A 85;Pruniers-en-Sologne;41200
47.66553;1.38891;AUTOROUTE A 10;Villerbon;41000
43.58724;-1.4201;AUTOROUTE A63 COTE OUEST;Labenne;40530
44.3613728923;-0.850806631003;Autoroute A63;Saugnacq-et-Muret;40410
44.4056307839;-0.840270137027;Aire Portes Landes Ouest;Saugnacq-et-Muret;40410
43.29292;5.45582;A 50 - AIRE DE LA POMME B.P 105;MARSEILLE;13011
44.5840366978;4.53167254913;RN 102;Saint-Jean-le-Centenier;7580
49.5940695373;4.50291882075;A34 AIRE DES ARDENNES WOINIC;Saulces-Monclin;8270
43.8681;4.43767;A 9 AIRE DE NIMES MARGUERITTES;Marguerittes;30320
44.0006525943;4.70062855867;AUTOROUTE A9;Tavel;30126
44.0122139458;4.69658005359;AIRE DE TAVEL SUD;Tavel;30126
43.87516;4.44976;AUTOROUTE A 9;Marguerittes;30320
43.8672393104;4.43548113953;Aire de Nîmes Marguerittes - A 9;MARGUERITTES;30320
43.84527;5.85145;AUTOROUTE A 51  AIRE DE MANOSQUE;Volx;4130
43.94225;5.89247;AUTOROUTE A51 AIRE DE VOLX OUEST;Volx;4130
44.13503;5.96297;aire aubignosc;Aubignosc;4200
43.8428857521;5.85142102246;AUTOROUTE A51 AIRE DE MANOSQUE EST;Volx;4130
47.4439494128;6.73413754229;aire ecot;ECOT;25150
48.0962930639;-0.695125062526;A81-LA SAUVAGERIE   AIRE DE LAVAL BONCHAMPS;Bonchamp-lès-Laval;53960
0.0;0.0;AUTOROUTE A31AIRE DE TOUL CHAUDENEY;CHAUDENEY;54200
48.6635;5.91218;AUTOROUTE A 31;Dommartin-lès-Toul;54200
48.07885;-0.6969;Allée du Bocage;Bonchamp-lès-Laval;53960
48.00083;-0.3581;AUT A 81;THORIGNé-EN-CHARNIE;53270
0.0;0.0;AUTOROUTE A31AIRE DE TOUL CHAUDENEY;CHAUDENEY;54200
45.6977436853;4.97551795926;AUT A 43;SAINT-PRIEST;69800
45.8150950621;4.76860090729;AUTOROUTE A6;DARDILLY;69570
45.80424;4.76983;AIRE DE DARDILLY;Dardilly;69570
45.69779;4.97762;AIRE DE MANISSIEUX;Saint-Priest;69800
45.57057;4.7112;AUTOROUTE A47 AIRE DE SAINT ROMAIN EN GIER;Saint-Romain-en-Gier;69700
45.5788276592;4.72403596174;AUTOROUTE A47 AIRE DE SAINT ROMAIN EN GIER;Givors;69700
45.69539;4.96486;AUTOROUTE A43  AIRE DE SAINT PRIEST;Saint-Priest;69800
45.70176;4.97356;AUTOROUTE A43  AIRE DE MANISSIEUX;Saint-Priest;69800
45.5866080022;4.75447702801;A 47 - Aire de St Romain;GIVORS;69700
49.12625;6.27557;Autoroute de l'Est;Les Petites-Loges;51400
49.0739561031;4.79261494546;A4 aire de Valmy le Moulin;VALMY;51800
49.1281722305;4.23148706374;Autoroute de l'Est;LES PETITES-LOGES;51400
47.9766699516;5.49884455034;AIRE DE MONTIGNY LE ROI A31;Val-de-Meuse;52140
49.08293;4.77476;autoroute a4 aire de valmy orbeval;Valmy;51800
47.8158364265;5.2225134148;AUTOROUTE A31;PERROGNEY-LES-FONTAINES;52160
49.0740742732;4.7906011555;AUTOROUTE A 4 - SENS  PROV. PARIS;VALMY;51800
49.12625;6.27557;Autoroute de l'Est;Les Petites-Loges;51400
49.2446429829;3.92341512809;Aire de Gueux A4;Gueux;51390
-24.3328811503;61.7807352057;Autoroute du Soleil;Petite-Île;97429
48.68156;4.37692;AUT A 26   AIRE DE SOMMESOUS;SOMMESOUS;51320
49.0722181608;4.78888832643;AUTOROUTE A4   AIRE DE VALMY ORB;VALMY;51800
49.12311;4.23946;Autoroute de l'Est;LES PETITES-LOGES;51400
47.9770453628;5.49885752632;AIRE DE VAL DE MEUSE A31;Val-de-Meuse;52140
49.2437996633;3.92130218585;AUT A 4   AIRE DE VRIGNY;VRIGNY;51390
49.12311;4.23946;Autoroute de l'Est;LES PETITES-LOGES;51400
48.05619;4.95681;AIRE DE CHATEAUVILLAIN SUR ORGE;Châteauvillain;52120
46.12229;4.76776;AUT A 6   SENS LYON PARIS;Taponas;69220
45.37326;4.81222;autoroute A7;Roussillon;38150
45.9027906451;4.73012690486;A6 AIRE DES CHERES EST;LES CHèRES;69380
45.8947535407;4.73155426242;A6 AIRE DES CHERES OUEST;LES CHèRES;69380
46.12229;4.76776;Aire de Taponas - A 6;Taponas;69220
45.625226222;4.81552644418;A 7 - AIRE DE SEREZIN;SAINT-SYMPHORIEN-D'OZON;69360
45.8075;4.76968;AUTOROUTE A6 AIRE DE DARDILLY;Dardilly;69570
45.5893436013;4.82649801665;A 46 - AIRE DE COMMUNAY SUD - SENS PROVINCE-PARIS;COMMUNAY;69360
45.6434068187;4.82819099851;A 7 - AIRE DE SOLAIZE;SAINT-SYMPHORIEN-D'OZON;69360
45.5913473472;4.82648548938;A 46 - AIRE DE COMMUNAY NORD;COMMUNAY;69360
45.8770375526;6.07195386531;Autoroute A41 Nord;Seynod;74600
45.88355;6.09275;41 Avenue Jean Clerc;Seynod;74600
45.8762677487;6.07237596782;A41 - AIRE DE LA RIPAILLE;SEYNOD;74600
46.11603;5.96985;AIRE DE VALLEIRY;Valleiry;74520
45.868336682;6.06136090121;AIRE DE LA RIPAILLE-A41;SEYNOD;74600
46.00134;6.16856;AUTOROUTE A410 - 865 ROUTE DE LECY;Groisy;74570
46.09736;5.96419;A 40 AIRE de VALLEIRY NORD;Valleiry;74520
45.99654;6.24771;A 41 - AIRE DES CRETS BLANCS GRO;THORENS-GLIèRES;74570
44.1991844185;0.509039368657;A 62 - AIRE D AGEN PORTE D AQUIT;STE COLOMBE;47310
44.40462;0.18728;A62 AIRE DU MAS D'AGENAIS;Le Mas-d'Agenais;47430
44.8720332199;3.24880951157;A75 - aire de la Lozère - échangeur 32 - La Garde;ALBARET-SAINTE-MARIE;48200
43.23187;3.05843;A 9 - AIRE NARBONNE VINASSAN NOR;COURSAN;11110
43.2214380092;2.20197273176;A61 Aire d'Arzens Nord;ARZENS;11290
43.2148856472;3.09236711734;AUTOROUTE A 9;SALLES-D'AUDE;11110
42.97446;2.99351;AUTOROUTE A 9;La Palme;11480
42.97984;2.98637;AIRE DE LAPALME EST;La Palme;11480
43.17816;2.54421;AUTOROUTE A61;Capendu;11700
42.9499545422;2.97202130031;A9 AIRE DE LA PALME OUEST;LA PALME;11480
43.2206065075;2.20602123684;A61 Aire d'Arzens Sud;ARZENS;11290
43.1800674154;2.56049209054;AIRE DES CORBIERES A61;CAPENDU;11700
46.95888;4.83532;Autoroute du Soleil;MERCEUIL;21190
46.9780099827;4.84448173325;AUTOROUTE A 6  sens Paris Lyon;MERCEUIL;21190
47.1764636359;5.31634358546;Aire Sud;PONT;21130
47.1764900612;5.31618787373;A39 Aire de Val de Saone;PONT;21130
46.9554044419;4.83420131248;A6 AIRE DE BEAUNE;MERCEUIL;21190
47.1849293189;5.33092858452;AUT A 39   AIRE DE PONT NORD;PONT;21130
48.9407011762;1.95295913841;A 13 - Aire Morainvilliers Sud R;Morainvilliers;78630
48.9399669086;1.96048690486;AUTOROUTE A 13 - PARIS-ROUEN;ORGEVAL;78630
48.9929648973;1.6329249732;A13 AIRE DE ROSNY;ROSNY-SUR-SEINE;78710
48.99302;1.63007;A13 AIRE DE ROSNY;Rosny-sur-Seine;78710
48.9935279689;1.62490581892;aire de Rosny Sud;ROSNY SUR SEINE;78710
47.3450295307;2.0487331666;A 71 - AIRE DE SALBRIS LA LOGE;THEILLAY;41300
47.81097;1.95621;Rue des Charmes;Saint-Cyr-en-Val;45590
47.6182106867;1.96318690905;AUTOROUTE A 71;CHAUMONT-SUR-THARONNE;41600
47.3523095522;2.05052385154;Aire de Salbris Theillay Autoroute A 71;THEILLAY;41300
45.54068;1.52039;A 20 AIRE DE LA PORTE DE CORREZE;Masseret;19510
45.1615992811;1.44257169942;AIRE DU PAYS DE BRIVE A 89;SAINT-PANTALéON-DE-LARCHE;19600
45.62392;2.48126;Viaduc du Chava0;Merlines;19340
45.3596668084;1.93758630545;AUTOROUTE A 89   AIRE DE LA CORREZE;VITRAC-SUR-MONTANE;19800
45.055609862;5.19231892394;RN 532;HOSTUN;26730
45.13448;4.89375;Autoroute du Soleil;PONT-DE-L'ISèRE;26600
49.3611;0.86121;AUTOROUTE A 13;Bosgouet;27310
44.4857757049;4.76728961876;AUT A7 -  AIRE DE MONTELIMAR;ALLAN;26780
44.67369;4.79765;Autoroute A7;Pont-de-l'Isère;26600
44.86418;4.86645;AUTOROUTE A 7;Portes-lès-Valence;26800
45.01933;4.87541;Autoroute du Soleil;PONT-DE-L'ISèRE;26600
49.37268;0.65987;Autoroute de Normandie;BEUZEVILLE;27210
49.363295683;0.846933843551;Autoroute a13Aire du Bosgouet;BOSGOUET;27310
45.07098;5.21048;AUT A 49 - AIRE DE LA BAUME D'HOSTEIN;La Baume-d'Hostun;26730
44.5151276086;4.77964811206;A 7 - AIRE DE MONTELIMAR OUEST;ALLAN;26780
45.0712499008;5.21078488977;Station Service AVIA - Autoroute A 49;La Baume-d'Hostun;26730
49.3205;0.31946;AUTOROUTE A 13;Beuzeville;27210
45.13448;4.89375;Autoroute du Soleil;PONT-DE-L'ISèRE;26600
44.8681580895;4.86229525904;AUT A7   AIRE DE PORTES LES VALENCE;PORTES-LèS-VALENCE;26800
45.07695;5.21232;Autoroute A.49 Aire Porte de la Drôme;La Baume-d'Hostun;26730
49.32527;0.32879;AUTOROUTE   - A 13;Beuzeville;27210
45.69313;5.91228;A41;AIX LES BAINS;73100
48.1863;0.65048;A 11 AIRE DE VILLAINES LA GONAIS;La Ferté-Bernard;72400
45.68116;5.93659;AUTOROUTE A 41;Mouxy;73100
48.1277392872;0.626318096089;A11 - AIRE DE LA FERTE;VILLAINES-LA-GONAIS;72400
48.05573;0.25176;AUTOROUTE A 11;Sargé-lès-le-Mans;72190
45.2176511023;6.46243485803;AIRE ST MICHEL DE MAURIENNE A43 SENS ALBERTVILLE TUNNEL FREJUS;SAINT-MARTIN-D'ARC;73140
47.6639862807;0.47030717093;AUT A28 - AIRE DE SARTHE TOURAINE;DISSAY-SOUS-COURCILLON;72500
45.68747;5.92997;A41 aire de drumettaz;Mouxy;73100
48.18755;0.65012;11 Avenue de la République;La Ferté-Bernard;72400
47.805642446;-0.167002586754;AUT A11   AIRE DE PARCE EST;Parcé-sur-Sarthe;72300
48.02307;-0.32383;AUTOROUTE A 81;Saint-Denis-d'Orques;72350
48.05902187;0.230344784677;A11 AIRE DE LA SARTHE SARGE LE MANS;COULAINES;72190
45.21397;6.46744;AIRE ST MICHEL DE MAURIENNE A43 SENS ALBERTVILLE TUNNEL FREJUS;Saint-Martin-d'Arc;73140
47.8056860103;-0.167184250443;AUT A 11 - AIRE DE PARCE OUEST;Parcé-sur-Sarthe;72300
48.92639;2.39597;AUT A 1;LA COURNEUVE;93120
48.9339216621;2.38995563429;AUTOROUTE A1;LA COURNEUVE;93120
48.927665512;2.23825947584;AUT A 86   AIRE DE LA PRAIRIE;COLOMBES;92700
48.93464;2.39478;A1 AIRE DE LA COURNEUVE OUEST;La Courneuve;93120
48.0894021297;-1.09563077426;AUTOROUTE A 81;MONDEVERT;35370
50.8597653626;1.73284822912;AUTOROUTE A 16;LEUBRINGHEN;62250
50.78458;1.69358;autoroute A16 -;OFFRETHUN;62250
47.50119;-0.4926;A 11 - AIRE DES PORTES D'ANGERS;Saint-Sylvain-d'Anjou;49480
47.49213;-0.49206;A 11 LES PORTES D'ANGERS SUD;Saint-Sylvain-d'Anjou;49480
48.58491;-1.32638;AUTOROUTE A 84 - PK158;SAINT-AUBIN-DE-TERREGATTE;50240
47.78765;3.67211;AUTOROUTE A 6;Venoy;89290
47.9739156627;3.19751872653;AUT A 6;PRéCY-SUR-VRIN;89116
48.24718;3.55519;AIRE VILLENEUVE de VALUISANT;Villeneuve-l'Archevêque;89190
47.73661;3.60329;Avenue du Docteur Schweitzer;Champs-sur-Yonne;89290
48.23861;3.55446;Rue de Vauluisant;Villeneuve-l'Archevêque;89190
48.23861;3.55446;Rue de Vauluisant;Villeneuve-l'Archevêque;89190
48.2430170046;3.55467480444;AUTOROUTE A 5;VILLENEUVE-L'ARCHEVêQUE;89190
47.97408;3.19921;AUTOROUTE A 6;Précy-sur-Vrin;89116
47.8002623683;3.6506683443;Aut A6 Aire du Soleil Levant;CHAMPS SUR YONNE;89290
48.16565;3.17244;AUTOROUTE A 19;Fouchères;89150
46.7603344094;5.51097453039;A39 aire du JURA;Arlay;39140
45.5660506937;5.674215676;AUTOROUTE A 43 ROMAGNIEU;PONT DE BEAUVOISIN;38480
46.7819972736;5.52616559657;A39   Aire du Jura;ARLAY;39140
45.5775680828;5.62209627352;AIRE DU GUIERS;ROMAGNIEU;38480
45.39635;5.4227;Avenue de la Gare;Le Grand-Lemps;38690
45.53262;5.67188;A 43 AIRE DE ROMAGNIEU;LE PONT-DE-BEAUVOISIN;38480
46.35591;2.8003;A71 aire de l'Allier Saulzet (sens province paris);Doyet;3170
46.3351;2.79688;A71 aire de l'Allier Doyet(sens paris province);Doyet;3170
49.77752;3.27799;A 26 - Aire Urvillers;ESSIGNY-LE-GRAND;2690
43.2620572186;1.11530700217;A64 Sortie N°24            Lieu dit Catalan;LAVELANET DE COMMINGES;31220
43.12965;0.61601;a64 aire du comminges;Clarac;31210
43.1104687818;0.61534659318;AUTOROUTE A 64    BP 03;CLARAC;31210
49.0711654163;2.55294575734;A 1 - AIRE DE VEMARS EST;VéMARS;95470
49.01263;2.14895;A 15 - AIRE DE PIERRELAYE;Pierrelaye;95480
49.07043;2.55224;Autoroute du Nord;VéMARS;95470
49.0717601635;2.55304956517;Autoroute A1 - Aire de vémars Est;VEMARS;95470
49.01542;2.14589;AUTOROUTE A 15;Pierrelaye;95480
44.3304287134;3.08156178086;A75 aire de l'aveyron;Sévérac-le-Château;12150
46.1238824565;4.76398380592;A 6;DRACE;69220
48.7601162183;7.36414013703;Rue d'Eckartswiller;Eckartswiller;67700
48.5373519047;7.71639179672;A 35 - AIRE D\\\'OSTWALD;OSTWALD;67540
48.762222048;7.36598656943;AIRE DE SAVERNE ECKARTSWILLER AUTOROUTE A4;Eckartswiller;67700
48.97417;7.06519;AUTOROUTE A 4;Keskastel;67260
48.23212;7.40498;AIRE DU HAUT KOENISGBOURG|A35;Orschwiller;67600
48.53905;7.71715;AUT A 35   AIRE LES CHAUMES BP 33;Ostwald;67540
48.97326;7.06688;AUTOROUTE A4;KESKASTEL;67260
48.76269;7.36754;Aire de Saverne - A4;ECKARTSWILLER;67700
47.26338;4.554;A6 P1LLY EN AUXOIS;P1LLY-EN-AUXOIS;21320
47.2263374985;5.01342611882;AUTOROUTE A31;GEVREY-CHAMBERTIN;21220
47.37861;4.38168;Autoroute du Soleil;Bligny-sur-Ouche;21360
47.1050583314;4.7130350781;Autoroute A6 du Soleil;BLIGNY-SUR-OUCHE;21360
47.4221404656;5.17031822912;Aire de dijon Brog0;BROG0;21490
47.0307080379;5.1083935676;AIRE DU BOIS GUILLEROT;GLA0;21250
47.2175678491;5.0029423606;AUTOROUTE A31;Gevrey-Chambertin;21220
47.4215092405;5.17039608499;Autoroute A31 Aire Dijon Brog0;BROG0;21490
47.0319293579;5.10608384355;Aire de Gla0 A36;GLA0;21250
47.26338;4.554;Aire du Chien Blanc Autoroute A6;P1LLY-EN-AUXOIS;21320
50.5296730949;3.04643516971;Autoroute A 1;SECLIN;59113
50.82642;2.58513;A 25 - Aire de St Laurent;Steenvoorde;59114
49.83909;2.8301;Autoroute du Nord;SECLIN;59113
50.52753;3.04416;AUTOROUTE A1 AIRE DE PHALEMPIN;Seclin;59113
50.8277;2.58289;AIRE DE SAINT ELOI autoroute A 25;Steenvoorde;59114
50.33964;3.46647;A 2 - AIRE DE LA SENTINELLE OUES;La Sentinelle;59174
50.3398791925;3.46911762553;AIRE DE LA SENTINELLE EST AUTOROUTE A 2;TRITH-SAINT-LéGER;59125
49.53991;2.74554;Aire de Ressons Ouest A1;Ressons-sur-Matz;60490
49.60849;2.20488;AUTOROUTE A 16;Hardivillers;60120
49.5236;2.72292;AUTOROUTE A 1;Ressons-sur-Matz;60490
49.5186083126;2.7194063807;AUT A1   AIRE DE RESSONS;RESSONS-SUR-MATZ;60490
45.85618;3.81424;AUTOROUTE A 72;Les Salles;42440
45.85745;3.81467;Lieu-Dit les Serrots;LES SALLES;42440
45.84055;3.78392;A-72 aire du Haut-Forez;Les Salles;42440
45.8385;4.23643;a 89 aire de la Loire;Néronde;42510
45.66958;4.17238;Aire de la plaine du Forez Est;Magneux-Haute-Rive;42600
45.67935;4.15647;AUT A 72;Magneux-Haute-Rive;42600
45.67698;4.15614;AUTOROUTE A 72 -  AIRE FOREZ OUES;Magneux-Haute-Rive;42600
44.05824;1.01995;AIRE DE GARONNE A 62;Saint-Nicolas-de-la-Grave;82210
43.9519455336;1.32414187806;R N 20 - AIRE DE NAUZE VERT;BRESSOLS;82710
43.1487034777;6.03715450873;AUTOROUTE A 57;La Garde;83130
43.1427807895;6.0108454259;AUTOROUTE A 57;LA VALETTE-DU-VAR;83160
44.23161;1.52955;AUTOROUTE A 20;Montalzat;82270
43.423487959;5.99262718308;AUTOROUTE A8;BRIGNOLES;83170
43.4241230141;5.96988461932;AUTOROUTE A 8;BRIGNOLES;83170
50.3700599854;3.48099898552;AUTOROUTE A 23;PETITE-FORêT;59494
50.5237936585;3.20093454446;Autoroute A 23 - AIRE DE GENECH;TEMPLEUVE;59242
50.5312454501;3.199285126;A 23 - Aire de Genech B;GENECH;59242
43.5842514841;7.02506147516;Autoroute A8;MOUGINS;6250
43.75325;7.41858;Aire de Beausoleil - A8;Beausoleil;6240
48.4567383918;0.127058789009;AUTOROUTE A28;Valframbert;61250
48.71157;-0.07008;Lieu-dit Les Fermes;Fontenai-sur-Orne;61200
48.8493963632;0.372924413318;AUTOROUTE A 28   aire des haras;LE SAP-ANDRé;61230
43.45235;5.41539;A51 Aire des Chabauds;Bouc-Bel-Air;13320
43.4483272338;5.2408575362;AIRE DE VITROLLES EST AUTOROUTE 7;VITROLLES;13127
43.4009983267;5.57767744688;A52 AIRE DE BAUME DE MARRON;PEYPIN;13124
43.38414;5.5817;A52 Aire de Peypin;PEYPIN;13124
43.3914448153;5.26780227527;AIRE DE REBUTY  A55;GIGNAC-LA-NERTHE;13180
43.44172;5.39571;AUTOROUTE A 51- AIRE DE LA CHAMPOUSE;Bouc-Bel-Air;13320
44.8876517532;-0.579371095821;A630 ROC.PRESQU'ILE LAC COTE2;Bruges;33520
44.74498;-0.68743;A63 Aire de Cestas Est;Cestas;33610
44.7538750773;-0.69054076248;AUTOROUTE A63;CESTAS;33610
44.74238;-0.70596;AUTOROUTE A 63;Cestas;33610
44.88778;-0.58098;A630 ROC.PRESQU'ILE LAC COTE1;Bruges;33520
44.99349;0.02231;A89 Aire des Palombières;GOURS;33660
47.09037;1.84537;A20 AIRE DES CHAMPS D' AMOUR;Meunet-sur-Vatan;36150
46.7135757278;1.59025975788;AUTOROUTE A 20;LUANT;36350
47.07807;1.86222;A20 AIRE DES CHAMPS D' AMOUR;Meunet-sur-Vatan;36150
47.30718;0.53612;aire des Jardins de Villandry A85;Druye;37190
46.72383;1.60384;aire du Val de l'Indre - autoroute A20;VELLES;36330
44.51461;-0.07388;AUT A 62;SAINT-MICHEL-DE-RIEUFRET;33720
45.18815;-0.49091;AUTOROUTE A10;Saugon;33920
44.2901684109;-0.258297153065;A 65 - AIRE DE CAPTIEUX;CAPTIEUX;33840
44.6450777822;-0.435567117336;A62 - AIRE DES LANDES SUD;Saint-Michel-de-Rieufret;33720
43.84525;1.32346;Autoroute des Deux Mers;Saint-Michel-de-Rieufret;33720
44.88728;-0.5735;ROCADE PERIPHERIQUE-A630sens intérieur);Mérignac;33700
45.18505;-0.50274;Lieu-dit Bazille-Ouest;Saugon;33920
49.8605877447;2.5243542188;AIRE DE VILLERS BRETONNEUX;Villers-Bretonneux;80800
46.29721;-0.37224;AUTOROUTE A 10;V1llé;79230
46.43043;-0.50163;A83 - AIRE DE LA CANEPETIERE;Faye-sur-Ardin;79160
46.4539463992;-0.0123832498349;autoroute A10;PAMPROUX;79800
46.29327;-0.4209;AUTOROUTE A 10;Aiffres;79230
46.4449005151;-0.0374787909068;A10 AIRE DE R1LLE PAMPROUX SUD;Pamproux;79800
46.42905;-0.50681;AUTOROUTE A83|AIRE DE LA CHATEAUDRIE;Villiers-en-Plaine;79160
46.27797;-0.44647;A10 Aire de Poitou Charentes;Aiffres;79230
45.5480755008;6.15660740317;AIRE DE VAL GELONAUTOROUTE A43;CHATEAUNEUF;73390
45.1966992748;6.62226293626;AUTOPORT DU FREJUS;LE FRENEY;73500
46.0646447966;6.409283919;Aire de Pontchy Bonneville - A40;BONNEVILLE;74130
45.525;5.97704;AIRE DE L'ABIS autoroute A 43;Saint-Jeoire-Prieuré;73190
46.04949;6.46445;AUTOROUTE A 40;Bonneville;74130
45.2454271944;6.42486160021;AUTOROUTE A 43;SAINT-JULIEN-MONT-DENIS;73870
46.065255441;6.4101014056;AIRE DE BONNEVILLE NORD;BONNEVILLE;74130
45.5260017468;5.97466101049;AUTOROUTE A41 AIRE DU GRANIER;Myans;73800
45.54914;6.16003;AIRE DE L'ARCLUSAZ;Châteauneuf;73390
47.8194821696;1.64029371451;AUT A 10   AIRE DE BEAUGENCY;MESSAS;45190
47.61969;1.23717;L'Aquitaine;Messas;45190
47.85198;2.68684;AIRE DU JARDIN DES ARBRES;Varennes-Changy;45290
47.15919;-1.5129;A 801 - CLOS DE MAILLARDIERES;Les Sorinières;44840
48.06192;2.41491;A19 AIRE DU LOIRET;Beaune-la-Rolande;45340
43.6175714933;3.45210705891;2 rue du servent;CLERMONT L'HERAULT;34800
43.56092;3.77557;AIRE DE FABREGUES SUD - A9;Fabrègues;34690
43.56092;3.77557;Route de Fabrègues à Saussan;Fabrègues;34690
43.6914515079;3.35073121289;CENTRE COMMERCIAL LES VIGNES ROUGES  ZA LA MERIDIENNE;LE BOSC;34700
48.59441;2.44356;AUTOROUTE A 6;Villabé;91100
47.5127567701;4.089242162;AUTOROUTE A6;MAISON DIEU;89420
48.5930703528;2.44276477061;A 6 - AIRE DE LISSES;CORBEIL-ESSONNES;91100
47.6419189575;6.91712501881;CD 419;BESSONCOURT;90160
47.50475;4.03858;autoroute A6 aire de maison dieu;Sceaux;89420
47.4183939991;-1.01780217986;A11 - AIRE DE VARADES LA BEDOIRE;VARADES;44370
47.4193;-1.01471;AUTOROUTE A 11;Varades;44370
45.2923;5.62901;48 Rue de l'Alambic;Voreppe;38340
45.29378;5.63598;AIRE DE L#039;;
45.244;5.86238;Aire de St Nazaire Les Eymes - A41;SAINT NAZAIRE LES EYMES;38330
45.24722;5.86759;AUTOROUTE A 41;Saint-Nazaire-les-Eymes;38330
45.29716;5.6362;Rue de l'Isle;Voreppe;38340
45.27702;5.62262;AIRE DE L'ISLE ROSE A 48;VOREPPE;38340
48.94696;2.69956;AIRE DE VILLEVAUDE AUTOROUTE A 104;CLAYE-S1LLY;77410
48.9101;2.67763;Aire de Villevaudé;Villevaudé;77410
48.829492394;2.74003485613;autoroute A4;BUSSY-SAINT-GEORGES;77600
48.94398;2.68144;AIRE DE VILLEVAUDE AUTOROUTE A 104;CLAYE-S1LLY;77410
48.8291488545;2.74177363716;A 4 - AIRE DE FERRIERES;BUSSY-SAINT-GEORGES;77600
48.62473;2.59212;AUTOROUTE A 5 A;RéAU;77550
48.36079;2.57444;AIRE DE ACHERES LA FORET OUEST|A6;Achères-la-Forêt;77760
48.94696;2.69956;AIRE DE VILLEVAUDE AUTOROUTE A 104;Claye-S1lly;77410
43.75465;7.39787;AUTOROUTE A8 / BP 102 (4391808);La Turbie;6320
48.24062;1.08492;A11;Frazé;28160
48.4668071998;1.5791752237;A 11 - AIRE DE CHARTRES BOIS PAR;GASVILLE;28300
48.2711223159;1.85483591433;AUT A 10 - AIRE DE VAL NEUVY;FRESNAY-L'ÉVêQUE;28310
49.37268;0.65987;Autoroute de Normandie;Vironvay;27400
48.2403628116;1.08310992844;AUTOROUTE A11 OCEANE;Dampierre-sous-Brou;28160
49.36572;0.80295;A 13 AIRE DE VIRONVAY SUD;VIRONVAY;27400
48.4677553275;1.58094708959;AUTOROUTE A 11;Gasville-Oisème;28300
48.2774951182;1.8572494462;A 10 - AIRE DE FRANCHEVILLE;FRESNAY-L'EVEQUE;28310
44.21508;4.72296;A7 AIRE DE MORNAS LES ADRETS;MORNAS;84550
46.57364;-1.11112;AUTOROUTE A83 COTE EST;Sainte-Hermine;85210
46.8780749563;-1.28385234673;AUT A 83   AIRE DE CHAVAGNES;CHAVAGNES-EN-PAILLERS;85250
46.55454;-1.05958;AUTOROUTE A83 COTE EST;Sainte-Hermine;85210
44.2036953693;4.72398720666;A7 AIRE DE MORNAS VILLAGE;MORNAS;84550
44.02436;4.88877;AUTOROUTE A7;Sorgues;84700
46.8841079581;-1.29120763541;A 83 - AIRE DES BROUZILS;LES BROUZILS;85260
46.5668965972;-1.10850015699;A 83 AIRE DE VENDEE;SAINTE HERMINE;85210
43.5449204222;6.78887161199;AIRE DE L'ESTEREL A8;LES ADRETS DE L'ESTEREL;83600
43.92496;4.91301;AUTOROUTE A7;Morières-lès-Avig0;84310
